-- MySQL dump 10.13  Distrib 8.0.11, for osx10.13 (x86_64)
--
-- Host: localhost    Database: rental_hosts
-- ------------------------------------------------------
-- Server version	8.0.11

/*!40101 SET @OLD_CHARACTER_SET_CLIENT=@@CHARACTER_SET_CLIENT */;
/*!40101 SET @OLD_CHARACTER_SET_RESULTS=@@CHARACTER_SET_RESULTS */;
/*!40101 SET @OLD_COLLATION_CONNECTION=@@COLLATION_CONNECTION */;
 SET NAMES utf8mb4 ;
/*!40103 SET @OLD_TIME_ZONE=@@TIME_ZONE */;
/*!40103 SET TIME_ZONE='+00:00' */;
/*!40014 SET @OLD_UNIQUE_CHECKS=@@UNIQUE_CHECKS, UNIQUE_CHECKS=0 */;
/*!40014 SET @OLD_FOREIGN_KEY_CHECKS=@@FOREIGN_KEY_CHECKS, FOREIGN_KEY_CHECKS=0 */;
/*!40101 SET @OLD_SQL_MODE=@@SQL_MODE, SQL_MODE='NO_AUTO_VALUE_ON_ZERO' */;
/*!40111 SET @OLD_SQL_NOTES=@@SQL_NOTES, SQL_NOTES=0 */;

--
-- Table structure for table `hosts`
--

DROP TABLE IF EXISTS `hosts`;
/*!40101 SET @saved_cs_client     = @@character_set_client */;
 SET character_set_client = utf8mb4 ;
CREATE TABLE `hosts` (
  `id` int(11) NOT NULL AUTO_INCREMENT,
  `first_name` varchar(255) NOT NULL,
  `last_name` varchar(255) NOT NULL,
  `city` varchar(255) NOT NULL,
  `state` varchar(255) NOT NULL,
  `country` varchar(255) NOT NULL,
  `joined_in_date` date NOT NULL,
  `references_count` int(11) DEFAULT '0',
  `verified` tinyint(1) DEFAULT '0',
  `description` varchar(1000) NOT NULL,
  `response_rate` float DEFAULT NULL,
  `response_time` int(11) DEFAULT NULL,
  `languages` varchar(255) DEFAULT NULL,
  `email` varchar(255) NOT NULL,
  `photo_url` varchar(255) NOT NULL,
  PRIMARY KEY (`id`)
) ENGINE=InnoDB AUTO_INCREMENT=101 DEFAULT CHARSET=utf8;
/*!40101 SET character_set_client = @saved_cs_client */;

--
-- Dumping data for table `hosts`
--

LOCK TABLES `hosts` WRITE;
/*!40000 ALTER TABLE `hosts` DISABLE KEYS */;
INSERT INTO `hosts` VALUES (1,'Sam','Pham','Tišina','Ohio','Sweden','2018-05-26',0,0,'Morbi non lectus. Aliquam sit amet diam in magna bibendum imperdiet. Nullam orci pede, venenatis non, sodales sed, tincidunt eu, felis.',NULL,NULL,NULL,'lboichat2@tinyurl.com','www.photobooth.com/url1'),(2,'Lily','Pham','Caujul','Alabama','Argentina','2013-08-21',0,0,'In hac habitasse platea dictumst. Morbi vestibulum, velit id pretium iaculis, diam erat fermentum justo, nec condimentum neque sapien placerat ante. Nulla justo.',NULL,NULL,NULL,'aglentz9@yolasite.com','www.photobooth.com/url1'),(3,'Sam','Smith','Växjö','Louisiana','Turkmenistan','2018-05-26',0,0,'Suspendisse potenti. In eleifend quam a odio. In hac habitasse platea dictumst. Maecenas ut massa quis augue luctus tincidunt. Nulla mollis molestie lorem. Quisque ut erat.',NULL,NULL,NULL,'dlippitt0@chicagotribune.com','www.photobooth.com/url1'),(4,'John','Johnson','Ćuprija','Alabama','Sweden','2016-12-16',0,0,'Quisque id justo sit amet sapien dignissim vestibulum. Vestibulum ante ipsum primis in faucibus orci luctus et ultrices posuere cubilia Curae; Nulla dapibus dolor vel est. Donec odio justo, sollicitudin ut, suscipit a, feugiat et, eros.',NULL,NULL,NULL,'nbuckle3@gov.uk','www.photobooth.com/url1'),(5,'Snow','Cho','Avanca','Texas','Russia','2011-02-16',0,0,'Quisque id justo sit amet sapien dignissim vestibulum. Vestibulum ante ipsum primis in faucibus orci luctus et ultrices posuere cubilia Curae; Nulla dapibus dolor vel est. Donec odio justo, sollicitudin ut, suscipit a, feugiat et, eros.',NULL,NULL,NULL,'vvasyushkhin7@squidoo.com','www.photobooth.com/url1'),(6,'Snow','Pham','Stuttgart','Alabama','Argentina','2016-12-16',0,0,'Morbi non lectus. Aliquam sit amet diam in magna bibendum imperdiet. Nullam orci pede, venenatis non, sodales sed, tincidunt eu, felis.',NULL,NULL,NULL,'vvasyushkhin7@squidoo.com','www.photobooth.com/url1'),(7,'Sam','Smith','Yuanping','California','Russia','2015-02-06',0,0,'Suspendisse potenti. In eleifend quam a odio. In hac habitasse platea dictumst. Maecenas ut massa quis augue luctus tincidunt. Nulla mollis molestie lorem. Quisque ut erat.',NULL,NULL,NULL,'aglentz9@yolasite.com','www.photobooth.com/url1'),(8,'Bentley','Smith','Tišina','Alabama','Sweden','2015-02-13',0,0,'Quisque id justo sit amet sapien dignissim vestibulum. Vestibulum ante ipsum primis in faucibus orci luctus et ultrices posuere cubilia Curae; Nulla dapibus dolor vel est. Donec odio justo, sollicitudin ut, suscipit a, feugiat et, eros.',NULL,NULL,NULL,'dlippitt0@chicagotribune.com','www.photobooth.com/url1'),(9,'Nova','Johnson','Yuanping','Ohio','Sweden','2011-02-16',0,0,'Suspendisse potenti. In eleifend quam a odio. In hac habitasse platea dictumst. Maecenas ut massa quis augue luctus tincidunt. Nulla mollis molestie lorem. Quisque ut erat.',NULL,NULL,NULL,'ameggison8@xrea.com','www.photobooth.com/url1'),(10,'Lily','Johnson','Caujul','New York','Egypt','2015-02-13',0,0,'Suspendisse potenti. In eleifend quam a odio. In hac habitasse platea dictumst. Maecenas ut massa quis augue luctus tincidunt. Nulla mollis molestie lorem. Quisque ut erat.',NULL,NULL,NULL,'nbuckle3@gov.uk','www.photobooth.com/url1'),(11,'Lily','Pham','Rabak','Ohio','Turkmenistan','2015-02-05',0,0,'Morbi non lectus. Aliquam sit amet diam in magna bibendum imperdiet. Nullam orci pede, venenatis non, sodales sed, tincidunt eu, felis.',NULL,NULL,NULL,'gtestro4@unblog.fr','www.photobooth.com/url1'),(12,'Lily','Johnson','Salitrillos','Texas','South Korea','2015-02-13',0,0,'Morbi non lectus. Aliquam sit amet diam in magna bibendum imperdiet. Nullam orci pede, venenatis non, sodales sed, tincidunt eu, felis.',NULL,NULL,NULL,'dlippitt0@chicagotribune.com','www.photobooth.com/url1'),(13,'Tofu','Pham','Yuanping','Pennsylvania','Brazil','2015-02-05',0,0,'Quisque id justo sit amet sapien dignissim vestibulum. Vestibulum ante ipsum primis in faucibus orci luctus et ultrices posuere cubilia Curae; Nulla dapibus dolor vel est. Donec odio justo, sollicitudin ut, suscipit a, feugiat et, eros.',NULL,NULL,NULL,'lboichat2@tinyurl.com','www.photobooth.com/url1'),(14,'Snow','Cho','Växjö','Texas','South Korea','2016-05-18',0,0,'Suspendisse potenti. In eleifend quam a odio. In hac habitasse platea dictumst. Maecenas ut massa quis augue luctus tincidunt. Nulla mollis molestie lorem. Quisque ut erat.',NULL,NULL,NULL,'dcharlwood1@icio.us','www.photobooth.com/url1'),(15,'Lily','Pham','Caujul','Pennsylvania','Peru','2015-06-26',0,0,'Morbi non lectus. Aliquam sit amet diam in magna bibendum imperdiet. Nullam orci pede, venenatis non, sodales sed, tincidunt eu, felis.',NULL,NULL,NULL,'vvasyushkhin7@squidoo.com','www.photobooth.com/url1'),(16,'Nova','Johnson','Atlanta','Missouri','Sweden','2015-06-26',0,0,'In hac habitasse platea dictumst. Morbi vestibulum, velit id pretium iaculis, diam erat fermentum justo, nec condimentum neque sapien placerat ante. Nulla justo.',NULL,NULL,NULL,'gtestro4@unblog.fr','www.photobooth.com/url1'),(17,'Tofu','Smith','Växjö','New York','Turkmenistan','2016-12-16',0,0,'Suspendisse potenti. In eleifend quam a odio. In hac habitasse platea dictumst. Maecenas ut massa quis augue luctus tincidunt. Nulla mollis molestie lorem. Quisque ut erat.',NULL,NULL,NULL,'gtestro4@unblog.fr','www.photobooth.com/url1'),(18,'Snow','Pham','Avanca','Missouri','Russia','2011-10-07',0,0,'Morbi non lectus. Aliquam sit amet diam in magna bibendum imperdiet. Nullam orci pede, venenatis non, sodales sed, tincidunt eu, felis.',NULL,NULL,NULL,'aglentz9@yolasite.com','www.photobooth.com/url1'),(19,'Tofu','Cho','Salitrillos','Alabama','Malaysia','2015-02-13',0,0,'In hac habitasse platea dictumst. Morbi vestibulum, velit id pretium iaculis, diam erat fermentum justo, nec condimentum neque sapien placerat ante. Nulla justo.',NULL,NULL,NULL,'ameggison8@xrea.com','www.photobooth.com/url1'),(20,'Lily','Johnson','Avanca','Alabama','Argentina','2015-02-13',0,0,'Quisque id justo sit amet sapien dignissim vestibulum. Vestibulum ante ipsum primis in faucibus orci luctus et ultrices posuere cubilia Curae; Nulla dapibus dolor vel est. Donec odio justo, sollicitudin ut, suscipit a, feugiat et, eros.',NULL,NULL,NULL,'jgallichiccio6@howstuffworks.com','www.photobooth.com/url1'),(21,'Sam','Pham','Prażmów','Missouri','Egypt','2015-02-06',0,0,'Quisque id justo sit amet sapien dignissim vestibulum. Vestibulum ante ipsum primis in faucibus orci luctus et ultrices posuere cubilia Curae; Nulla dapibus dolor vel est. Donec odio justo, sollicitudin ut, suscipit a, feugiat et, eros.',NULL,NULL,NULL,'gtestro4@unblog.fr','www.photobooth.com/url1'),(22,'Sam','Pham','Stuttgart','California','Argentina','2016-12-16',0,0,'Quisque id justo sit amet sapien dignissim vestibulum. Vestibulum ante ipsum primis in faucibus orci luctus et ultrices posuere cubilia Curae; Nulla dapibus dolor vel est. Donec odio justo, sollicitudin ut, suscipit a, feugiat et, eros.',NULL,NULL,NULL,'dcharlwood1@icio.us','www.photobooth.com/url1'),(23,'Nova','Johnson','Tišina','Alabama','Turkmenistan','2016-12-16',0,0,'Suspendisse potenti. In eleifend quam a odio. In hac habitasse platea dictumst. Maecenas ut massa quis augue luctus tincidunt. Nulla mollis molestie lorem. Quisque ut erat.',NULL,NULL,NULL,'aglentz9@yolasite.com','www.photobooth.com/url1'),(24,'Sam','Smith','Yuanping','Missouri','Turkmenistan','2016-12-16',0,0,'Morbi non lectus. Aliquam sit amet diam in magna bibendum imperdiet. Nullam orci pede, venenatis non, sodales sed, tincidunt eu, felis.',NULL,NULL,NULL,'dcharlwood1@icio.us','www.photobooth.com/url1'),(25,'Nova','Pham','Rabak','Alabama','Sweden','2015-06-26',0,0,'In hac habitasse platea dictumst. Morbi vestibulum, velit id pretium iaculis, diam erat fermentum justo, nec condimentum neque sapien placerat ante. Nulla justo.',NULL,NULL,NULL,'vvasyushkhin7@squidoo.com','www.photobooth.com/url1'),(26,'Snow','Smith','Växjö','Missouri','Malaysia','2015-06-26',0,0,'Quisque id justo sit amet sapien dignissim vestibulum. Vestibulum ante ipsum primis in faucibus orci luctus et ultrices posuere cubilia Curae; Nulla dapibus dolor vel est. Donec odio justo, sollicitudin ut, suscipit a, feugiat et, eros.',NULL,NULL,NULL,'jgallichiccio6@howstuffworks.com','www.photobooth.com/url1'),(27,'John','Smith','Caujul','Alabama','Argentina','2015-02-05',0,0,'In hac habitasse platea dictumst. Morbi vestibulum, velit id pretium iaculis, diam erat fermentum justo, nec condimentum neque sapien placerat ante. Nulla justo.',NULL,NULL,NULL,'ameggison8@xrea.com','www.photobooth.com/url1'),(28,'Nova','Johnson','Stuttgart','Texas','Malaysia','2011-10-07',0,0,'In hac habitasse platea dictumst. Morbi vestibulum, velit id pretium iaculis, diam erat fermentum justo, nec condimentum neque sapien placerat ante. Nulla justo.',NULL,NULL,NULL,'ameggison8@xrea.com','www.photobooth.com/url1'),(29,'Snow','Johnson','Ćuprija','Missouri','South Korea','2013-08-21',0,0,'Quisque id justo sit amet sapien dignissim vestibulum. Vestibulum ante ipsum primis in faucibus orci luctus et ultrices posuere cubilia Curae; Nulla dapibus dolor vel est. Donec odio justo, sollicitudin ut, suscipit a, feugiat et, eros.',NULL,NULL,NULL,'ameggison8@xrea.com','www.photobooth.com/url1'),(30,'Snow','Johnson','Prażmów','Louisiana','Argentina','2016-05-18',0,0,'Morbi non lectus. Aliquam sit amet diam in magna bibendum imperdiet. Nullam orci pede, venenatis non, sodales sed, tincidunt eu, felis.',NULL,NULL,NULL,'dcharlwood1@icio.us','www.photobooth.com/url1'),(31,'John','Pham','Esperança','Missouri','Sweden','2015-02-06',0,0,'Morbi non lectus. Aliquam sit amet diam in magna bibendum imperdiet. Nullam orci pede, venenatis non, sodales sed, tincidunt eu, felis.',NULL,NULL,NULL,'dcharlwood1@icio.us','www.photobooth.com/url1'),(32,'John','Cho','Santa Cruz','Ohio','Turkmenistan','2011-10-07',0,0,'In hac habitasse platea dictumst. Morbi vestibulum, velit id pretium iaculis, diam erat fermentum justo, nec condimentum neque sapien placerat ante. Nulla justo.',NULL,NULL,NULL,'ameggison8@xrea.com','www.photobooth.com/url1'),(33,'John','Johnson','Ćuprija','Alabama','Turkmenistan','2015-02-05',0,0,'Morbi non lectus. Aliquam sit amet diam in magna bibendum imperdiet. Nullam orci pede, venenatis non, sodales sed, tincidunt eu, felis.',NULL,NULL,NULL,'gwapples5@ameblo.jp','www.photobooth.com/url1'),(34,'John','Johnson','Yuanping','Texas','Russia','2015-02-06',0,0,'Suspendisse potenti. In eleifend quam a odio. In hac habitasse platea dictumst. Maecenas ut massa quis augue luctus tincidunt. Nulla mollis molestie lorem. Quisque ut erat.',NULL,NULL,NULL,'lboichat2@tinyurl.com','www.photobooth.com/url1'),(35,'Bentley','Smith','Bacnotan','Missouri','Malaysia','2016-05-18',0,0,'Suspendisse potenti. In eleifend quam a odio. In hac habitasse platea dictumst. Maecenas ut massa quis augue luctus tincidunt. Nulla mollis molestie lorem. Quisque ut erat.',NULL,NULL,NULL,'gtestro4@unblog.fr','www.photobooth.com/url1'),(36,'Sam','Johnson','Henggang','Alabama','Argentina','2015-02-13',0,0,'In hac habitasse platea dictumst. Morbi vestibulum, velit id pretium iaculis, diam erat fermentum justo, nec condimentum neque sapien placerat ante. Nulla justo.',NULL,NULL,NULL,'vvasyushkhin7@squidoo.com','www.photobooth.com/url1'),(37,'Nova','Cho','Cimrutu','Louisiana','Egypt','2011-02-16',0,0,'Morbi non lectus. Aliquam sit amet diam in magna bibendum imperdiet. Nullam orci pede, venenatis non, sodales sed, tincidunt eu, felis.',NULL,NULL,NULL,'dcharlwood1@icio.us','www.photobooth.com/url1'),(38,'Bentley','Pham','Mancha Khiri','Missouri','Brazil','2016-12-16',0,0,'Morbi non lectus. Aliquam sit amet diam in magna bibendum imperdiet. Nullam orci pede, venenatis non, sodales sed, tincidunt eu, felis.',NULL,NULL,NULL,'nbuckle3@gov.uk','www.photobooth.com/url1'),(39,'Sam','Cho','Henggang','Louisiana','Argentina','2015-02-13',0,0,'Quisque id justo sit amet sapien dignissim vestibulum. Vestibulum ante ipsum primis in faucibus orci luctus et ultrices posuere cubilia Curae; Nulla dapibus dolor vel est. Donec odio justo, sollicitudin ut, suscipit a, feugiat et, eros.',NULL,NULL,NULL,'jgallichiccio6@howstuffworks.com','www.photobooth.com/url1'),(40,'Tofu','Johnson','Mancha Khiri','Alabama','Peru','2013-08-21',0,0,'Suspendisse potenti. In eleifend quam a odio. In hac habitasse platea dictumst. Maecenas ut massa quis augue luctus tincidunt. Nulla mollis molestie lorem. Quisque ut erat.',NULL,NULL,NULL,'nbuckle3@gov.uk','www.photobooth.com/url1'),(41,'John','Pham','Rabak','Alabama','Brazil','2013-08-21',0,0,'Quisque id justo sit amet sapien dignissim vestibulum. Vestibulum ante ipsum primis in faucibus orci luctus et ultrices posuere cubilia Curae; Nulla dapibus dolor vel est. Donec odio justo, sollicitudin ut, suscipit a, feugiat et, eros.',NULL,NULL,NULL,'jgallichiccio6@howstuffworks.com','www.photobooth.com/url1'),(42,'Lily','Johnson','Caujul','New York','Argentina','2015-02-13',0,0,'Morbi non lectus. Aliquam sit amet diam in magna bibendum imperdiet. Nullam orci pede, venenatis non, sodales sed, tincidunt eu, felis.',NULL,NULL,NULL,'vvasyushkhin7@squidoo.com','www.photobooth.com/url1'),(43,'Bentley','Smith','Esperança','Missouri','Sweden','2015-06-26',0,0,'In hac habitasse platea dictumst. Morbi vestibulum, velit id pretium iaculis, diam erat fermentum justo, nec condimentum neque sapien placerat ante. Nulla justo.',NULL,NULL,NULL,'gwapples5@ameblo.jp','www.photobooth.com/url1'),(44,'Sam','Johnson','Ćuprija','Pennsylvania','Argentina','2011-10-07',0,0,'Morbi non lectus. Aliquam sit amet diam in magna bibendum imperdiet. Nullam orci pede, venenatis non, sodales sed, tincidunt eu, felis.',NULL,NULL,NULL,'aglentz9@yolasite.com','www.photobooth.com/url1'),(45,'Tofu','Johnson','Esperança','New York','Malaysia','2015-02-05',0,0,'Morbi non lectus. Aliquam sit amet diam in magna bibendum imperdiet. Nullam orci pede, venenatis non, sodales sed, tincidunt eu, felis.',NULL,NULL,NULL,'ameggison8@xrea.com','www.photobooth.com/url1'),(46,'Nova','Cho','Avanca','Alabama','Argentina','2013-08-21',0,0,'Suspendisse potenti. In eleifend quam a odio. In hac habitasse platea dictumst. Maecenas ut massa quis augue luctus tincidunt. Nulla mollis molestie lorem. Quisque ut erat.',NULL,NULL,NULL,'aglentz9@yolasite.com','www.photobooth.com/url1'),(47,'Bentley','Cho','Bacnotan','Texas','Malaysia','2011-10-07',0,0,'Quisque id justo sit amet sapien dignissim vestibulum. Vestibulum ante ipsum primis in faucibus orci luctus et ultrices posuere cubilia Curae; Nulla dapibus dolor vel est. Donec odio justo, sollicitudin ut, suscipit a, feugiat et, eros.',NULL,NULL,NULL,'nbuckle3@gov.uk','www.photobooth.com/url1'),(48,'Snow','Pham','Ćuprija','New York','Egypt','2018-05-26',0,0,'Morbi non lectus. Aliquam sit amet diam in magna bibendum imperdiet. Nullam orci pede, venenatis non, sodales sed, tincidunt eu, felis.',NULL,NULL,NULL,'lboichat2@tinyurl.com','www.photobooth.com/url1'),(49,'Bentley','Pham','Rabak','New York','Turkmenistan','2018-05-26',0,0,'Morbi non lectus. Aliquam sit amet diam in magna bibendum imperdiet. Nullam orci pede, venenatis non, sodales sed, tincidunt eu, felis.',NULL,NULL,NULL,'dlippitt0@chicagotribune.com','www.photobooth.com/url1'),(50,'John','Pham','Växjö','Alabama','Argentina','2015-02-13',0,0,'Suspendisse potenti. In eleifend quam a odio. In hac habitasse platea dictumst. Maecenas ut massa quis augue luctus tincidunt. Nulla mollis molestie lorem. Quisque ut erat.',NULL,NULL,NULL,'dlippitt0@chicagotribune.com','www.photobooth.com/url1'),(51,'Tofu','Cho','Mancha Khiri','New York','Brazil','2011-10-07',0,0,'In hac habitasse platea dictumst. Morbi vestibulum, velit id pretium iaculis, diam erat fermentum justo, nec condimentum neque sapien placerat ante. Nulla justo.',NULL,NULL,NULL,'nbuckle3@gov.uk','www.photobooth.com/url1'),(52,'Nova','Johnson','Caujul','Missouri','Argentina','2015-06-26',0,0,'Quisque id justo sit amet sapien dignissim vestibulum. Vestibulum ante ipsum primis in faucibus orci luctus et ultrices posuere cubilia Curae; Nulla dapibus dolor vel est. Donec odio justo, sollicitudin ut, suscipit a, feugiat et, eros.',NULL,NULL,NULL,'dcharlwood1@icio.us','www.photobooth.com/url1'),(53,'John','Pham','Henggang','Pennsylvania','Turkmenistan','2013-08-21',0,0,'Suspendisse potenti. In eleifend quam a odio. In hac habitasse platea dictumst. Maecenas ut massa quis augue luctus tincidunt. Nulla mollis molestie lorem. Quisque ut erat.',NULL,NULL,NULL,'dlippitt0@chicagotribune.com','www.photobooth.com/url1'),(54,'Tofu','Smith','Yuanping','Pennsylvania','Russia','2013-08-21',0,0,'Morbi non lectus. Aliquam sit amet diam in magna bibendum imperdiet. Nullam orci pede, venenatis non, sodales sed, tincidunt eu, felis.',NULL,NULL,NULL,'gtestro4@unblog.fr','www.photobooth.com/url1'),(55,'John','Pham','Tišina','California','Russia','2015-02-06',0,0,'Suspendisse potenti. In eleifend quam a odio. In hac habitasse platea dictumst. Maecenas ut massa quis augue luctus tincidunt. Nulla mollis molestie lorem. Quisque ut erat.',NULL,NULL,NULL,'dcharlwood1@icio.us','www.photobooth.com/url1'),(56,'Snow','Johnson','Esperança','Texas','Argentina','2018-05-26',0,0,'Quisque id justo sit amet sapien dignissim vestibulum. Vestibulum ante ipsum primis in faucibus orci luctus et ultrices posuere cubilia Curae; Nulla dapibus dolor vel est. Donec odio justo, sollicitudin ut, suscipit a, feugiat et, eros.',NULL,NULL,NULL,'jgallichiccio6@howstuffworks.com','www.photobooth.com/url1'),(57,'Sam','Pham','Luohuang','Alabama','South Korea','2015-02-05',0,0,'Morbi non lectus. Aliquam sit amet diam in magna bibendum imperdiet. Nullam orci pede, venenatis non, sodales sed, tincidunt eu, felis.',NULL,NULL,NULL,'ameggison8@xrea.com','www.photobooth.com/url1'),(58,'Sam','Pham','Atlanta','Texas','South Korea','2016-05-18',0,0,'Morbi non lectus. Aliquam sit amet diam in magna bibendum imperdiet. Nullam orci pede, venenatis non, sodales sed, tincidunt eu, felis.',NULL,NULL,NULL,'vvasyushkhin7@squidoo.com','www.photobooth.com/url1'),(59,'Lily','Johnson','Mancha Khiri','New York','Peru','2015-02-13',0,0,'Morbi non lectus. Aliquam sit amet diam in magna bibendum imperdiet. Nullam orci pede, venenatis non, sodales sed, tincidunt eu, felis.',NULL,NULL,NULL,'dlippitt0@chicagotribune.com','www.photobooth.com/url1'),(60,'Nova','Cho','Luohuang','Texas','South Korea','2015-02-05',0,0,'Quisque id justo sit amet sapien dignissim vestibulum. Vestibulum ante ipsum primis in faucibus orci luctus et ultrices posuere cubilia Curae; Nulla dapibus dolor vel est. Donec odio justo, sollicitudin ut, suscipit a, feugiat et, eros.',NULL,NULL,NULL,'vvasyushkhin7@squidoo.com','www.photobooth.com/url1'),(61,'Sam','Smith','Tišina','Louisiana','Turkmenistan','2018-05-26',0,0,'Quisque id justo sit amet sapien dignissim vestibulum. Vestibulum ante ipsum primis in faucibus orci luctus et ultrices posuere cubilia Curae; Nulla dapibus dolor vel est. Donec odio justo, sollicitudin ut, suscipit a, feugiat et, eros.',NULL,NULL,NULL,'lboichat2@tinyurl.com','www.photobooth.com/url1'),(62,'Lily','Smith','Yuanping','New York','Argentina','2015-06-26',0,0,'Morbi non lectus. Aliquam sit amet diam in magna bibendum imperdiet. Nullam orci pede, venenatis non, sodales sed, tincidunt eu, felis.',NULL,NULL,NULL,'aglentz9@yolasite.com','www.photobooth.com/url1'),(63,'Bentley','Smith','Cimrutu','Texas','Russia','2016-12-16',0,0,'Quisque id justo sit amet sapien dignissim vestibulum. Vestibulum ante ipsum primis in faucibus orci luctus et ultrices posuere cubilia Curae; Nulla dapibus dolor vel est. Donec odio justo, sollicitudin ut, suscipit a, feugiat et, eros.',NULL,NULL,NULL,'nbuckle3@gov.uk','www.photobooth.com/url1'),(64,'Sam','Cho','Prażmów','Missouri','Egypt','2016-05-18',0,0,'In hac habitasse platea dictumst. Morbi vestibulum, velit id pretium iaculis, diam erat fermentum justo, nec condimentum neque sapien placerat ante. Nulla justo.',NULL,NULL,NULL,'lboichat2@tinyurl.com','www.photobooth.com/url1'),(65,'John','Smith','Växjö','Alabama','Egypt','2015-06-26',0,0,'Quisque id justo sit amet sapien dignissim vestibulum. Vestibulum ante ipsum primis in faucibus orci luctus et ultrices posuere cubilia Curae; Nulla dapibus dolor vel est. Donec odio justo, sollicitudin ut, suscipit a, feugiat et, eros.',NULL,NULL,NULL,'vvasyushkhin7@squidoo.com','www.photobooth.com/url1'),(66,'Snow','Cho','Santa Cruz','Texas','Russia','2011-02-16',0,0,'Suspendisse potenti. In eleifend quam a odio. In hac habitasse platea dictumst. Maecenas ut massa quis augue luctus tincidunt. Nulla mollis molestie lorem. Quisque ut erat.',NULL,NULL,NULL,'jgallichiccio6@howstuffworks.com','www.photobooth.com/url1'),(67,'Nova','Smith','Cimrutu','Alabama','Argentina','2016-05-18',0,0,'Suspendisse potenti. In eleifend quam a odio. In hac habitasse platea dictumst. Maecenas ut massa quis augue luctus tincidunt. Nulla mollis molestie lorem. Quisque ut erat.',NULL,NULL,NULL,'vvasyushkhin7@squidoo.com','www.photobooth.com/url1'),(68,'Bentley','Smith','Tišina','Pennsylvania','Brazil','2011-02-16',0,0,'Morbi non lectus. Aliquam sit amet diam in magna bibendum imperdiet. Nullam orci pede, venenatis non, sodales sed, tincidunt eu, felis.',NULL,NULL,NULL,'ameggison8@xrea.com','www.photobooth.com/url1'),(69,'Nova','Johnson','Erba','Pennsylvania','Argentina','2016-12-16',0,0,'Suspendisse potenti. In eleifend quam a odio. In hac habitasse platea dictumst. Maecenas ut massa quis augue luctus tincidunt. Nulla mollis molestie lorem. Quisque ut erat.',NULL,NULL,NULL,'ameggison8@xrea.com','www.photobooth.com/url1'),(70,'Nova','Johnson','Santa Cruz','Louisiana','Egypt','2011-02-16',0,0,'Suspendisse potenti. In eleifend quam a odio. In hac habitasse platea dictumst. Maecenas ut massa quis augue luctus tincidunt. Nulla mollis molestie lorem. Quisque ut erat.',NULL,NULL,NULL,'lboichat2@tinyurl.com','www.photobooth.com/url1'),(71,'Sam','Cho','Salitrillos','California','Brazil','2015-02-13',0,0,'In hac habitasse platea dictumst. Morbi vestibulum, velit id pretium iaculis, diam erat fermentum justo, nec condimentum neque sapien placerat ante. Nulla justo.',NULL,NULL,NULL,'jgallichiccio6@howstuffworks.com','www.photobooth.com/url1'),(72,'Nova','Cho','Tišina','California','Argentina','2011-02-16',0,0,'In hac habitasse platea dictumst. Morbi vestibulum, velit id pretium iaculis, diam erat fermentum justo, nec condimentum neque sapien placerat ante. Nulla justo.',NULL,NULL,NULL,'nbuckle3@gov.uk','www.photobooth.com/url1'),(73,'Lily','Johnson','Salitrillos','Alabama','Malaysia','2015-06-26',0,0,'Morbi non lectus. Aliquam sit amet diam in magna bibendum imperdiet. Nullam orci pede, venenatis non, sodales sed, tincidunt eu, felis.',NULL,NULL,NULL,'gwapples5@ameblo.jp','www.photobooth.com/url1'),(74,'Snow','Johnson','Stuttgart','Missouri','Malaysia','2015-02-05',0,0,'Morbi non lectus. Aliquam sit amet diam in magna bibendum imperdiet. Nullam orci pede, venenatis non, sodales sed, tincidunt eu, felis.',NULL,NULL,NULL,'gtestro4@unblog.fr','www.photobooth.com/url1'),(75,'Sam','Smith','Rabak','New York','Sweden','2016-05-18',0,0,'Quisque id justo sit amet sapien dignissim vestibulum. Vestibulum ante ipsum primis in faucibus orci luctus et ultrices posuere cubilia Curae; Nulla dapibus dolor vel est. Donec odio justo, sollicitudin ut, suscipit a, feugiat et, eros.',NULL,NULL,NULL,'dlippitt0@chicagotribune.com','www.photobooth.com/url1'),(76,'Snow','Smith','Cimrutu','Louisiana','Argentina','2018-05-26',0,0,'Suspendisse potenti. In eleifend quam a odio. In hac habitasse platea dictumst. Maecenas ut massa quis augue luctus tincidunt. Nulla mollis molestie lorem. Quisque ut erat.',NULL,NULL,NULL,'gtestro4@unblog.fr','www.photobooth.com/url1'),(77,'John','Pham','Cimrutu','Missouri','Argentina','2018-05-26',0,0,'Morbi non lectus. Aliquam sit amet diam in magna bibendum imperdiet. Nullam orci pede, venenatis non, sodales sed, tincidunt eu, felis.',NULL,NULL,NULL,'gwapples5@ameblo.jp','www.photobooth.com/url1'),(78,'Bentley','Smith','Ćuprija','Pennsylvania','Argentina','2015-02-05',0,0,'Morbi non lectus. Aliquam sit amet diam in magna bibendum imperdiet. Nullam orci pede, venenatis non, sodales sed, tincidunt eu, felis.',NULL,NULL,NULL,'gtestro4@unblog.fr','www.photobooth.com/url1'),(79,'Snow','Pham','Prażmów','Alabama','Russia','2013-08-21',0,0,'Morbi non lectus. Aliquam sit amet diam in magna bibendum imperdiet. Nullam orci pede, venenatis non, sodales sed, tincidunt eu, felis.',NULL,NULL,NULL,'dcharlwood1@icio.us','www.photobooth.com/url1'),(80,'Sam','Johnson','Atlanta','Alabama','Argentina','2011-02-16',0,0,'Morbi non lectus. Aliquam sit amet diam in magna bibendum imperdiet. Nullam orci pede, venenatis non, sodales sed, tincidunt eu, felis.',NULL,NULL,NULL,'gtestro4@unblog.fr','www.photobooth.com/url1'),(81,'Sam','Smith','Luohuang','Missouri','Sweden','2011-02-16',0,0,'In hac habitasse platea dictumst. Morbi vestibulum, velit id pretium iaculis, diam erat fermentum justo, nec condimentum neque sapien placerat ante. Nulla justo.',NULL,NULL,NULL,'dlippitt0@chicagotribune.com','www.photobooth.com/url1'),(82,'Nova','Pham','Mancha Khiri','New York','Turkmenistan','2015-02-13',0,0,'In hac habitasse platea dictumst. Morbi vestibulum, velit id pretium iaculis, diam erat fermentum justo, nec condimentum neque sapien placerat ante. Nulla justo.',NULL,NULL,NULL,'lboichat2@tinyurl.com','www.photobooth.com/url1'),(83,'Sam','Smith','Yuanping','Louisiana','Brazil','2011-10-07',0,0,'In hac habitasse platea dictumst. Morbi vestibulum, velit id pretium iaculis, diam erat fermentum justo, nec condimentum neque sapien placerat ante. Nulla justo.',NULL,NULL,NULL,'ameggison8@xrea.com','www.photobooth.com/url1'),(84,'John','Pham','Bacnotan','Missouri','South Korea','2015-02-06',0,0,'Morbi non lectus. Aliquam sit amet diam in magna bibendum imperdiet. Nullam orci pede, venenatis non, sodales sed, tincidunt eu, felis.',NULL,NULL,NULL,'dcharlwood1@icio.us','www.photobooth.com/url1'),(85,'Lily','Cho','Yuanping','California','Russia','2015-02-13',0,0,'Morbi non lectus. Aliquam sit amet diam in magna bibendum imperdiet. Nullam orci pede, venenatis non, sodales sed, tincidunt eu, felis.',NULL,NULL,NULL,'gtestro4@unblog.fr','www.photobooth.com/url1'),(86,'Bentley','Pham','Stuttgart','Pennsylvania','Argentina','2011-02-16',0,0,'Morbi non lectus. Aliquam sit amet diam in magna bibendum imperdiet. Nullam orci pede, venenatis non, sodales sed, tincidunt eu, felis.',NULL,NULL,NULL,'gwapples5@ameblo.jp','www.photobooth.com/url1'),(87,'Lily','Johnson','Luohuang','Alabama','South Korea','2015-02-06',0,0,'Suspendisse potenti. In eleifend quam a odio. In hac habitasse platea dictumst. Maecenas ut massa quis augue luctus tincidunt. Nulla mollis molestie lorem. Quisque ut erat.',NULL,NULL,NULL,'gtestro4@unblog.fr','www.photobooth.com/url1'),(88,'Tofu','Johnson','Ćuprija','Ohio','Argentina','2018-05-26',0,0,'Morbi non lectus. Aliquam sit amet diam in magna bibendum imperdiet. Nullam orci pede, venenatis non, sodales sed, tincidunt eu, felis.',NULL,NULL,NULL,'ameggison8@xrea.com','www.photobooth.com/url1'),(89,'Bentley','Cho','Luohuang','Louisiana','Malaysia','2015-02-06',0,0,'Morbi non lectus. Aliquam sit amet diam in magna bibendum imperdiet. Nullam orci pede, venenatis non, sodales sed, tincidunt eu, felis.',NULL,NULL,NULL,'jgallichiccio6@howstuffworks.com','www.photobooth.com/url1'),(90,'Snow','Smith','Erba','Alabama','Russia','2015-06-26',0,0,'Suspendisse potenti. In eleifend quam a odio. In hac habitasse platea dictumst. Maecenas ut massa quis augue luctus tincidunt. Nulla mollis molestie lorem. Quisque ut erat.',NULL,NULL,NULL,'ameggison8@xrea.com','www.photobooth.com/url1'),(91,'Lily','Pham','Rabak','Missouri','Argentina','2015-02-13',0,0,'Morbi non lectus. Aliquam sit amet diam in magna bibendum imperdiet. Nullam orci pede, venenatis non, sodales sed, tincidunt eu, felis.',NULL,NULL,NULL,'gwapples5@ameblo.jp','www.photobooth.com/url1'),(92,'Bentley','Johnson','Rabak','New York','Egypt','2015-02-05',0,0,'Morbi non lectus. Aliquam sit amet diam in magna bibendum imperdiet. Nullam orci pede, venenatis non, sodales sed, tincidunt eu, felis.',NULL,NULL,NULL,'lboichat2@tinyurl.com','www.photobooth.com/url1'),(93,'John','Cho','Yuanping','Missouri','Argentina','2015-02-05',0,0,'Suspendisse potenti. In eleifend quam a odio. In hac habitasse platea dictumst. Maecenas ut massa quis augue luctus tincidunt. Nulla mollis molestie lorem. Quisque ut erat.',NULL,NULL,NULL,'dlippitt0@chicagotribune.com','www.photobooth.com/url1'),(94,'Tofu','Pham','Mancha Khiri','Missouri','South Korea','2018-05-26',0,0,'In hac habitasse platea dictumst. Morbi vestibulum, velit id pretium iaculis, diam erat fermentum justo, nec condimentum neque sapien placerat ante. Nulla justo.',NULL,NULL,NULL,'lboichat2@tinyurl.com','www.photobooth.com/url1'),(95,'Nova','Johnson','Salitrillos','Missouri','Russia','2018-05-26',0,0,'In hac habitasse platea dictumst. Morbi vestibulum, velit id pretium iaculis, diam erat fermentum justo, nec condimentum neque sapien placerat ante. Nulla justo.',NULL,NULL,NULL,'dlippitt0@chicagotribune.com','www.photobooth.com/url1'),(96,'Tofu','Cho','Luohuang','Missouri','Sweden','2015-02-06',0,0,'Suspendisse potenti. In eleifend quam a odio. In hac habitasse platea dictumst. Maecenas ut massa quis augue luctus tincidunt. Nulla mollis molestie lorem. Quisque ut erat.',NULL,NULL,NULL,'ameggison8@xrea.com','www.photobooth.com/url1'),(97,'Snow','Pham','Rabak','New York','Egypt','2018-05-26',0,0,'Suspendisse potenti. In eleifend quam a odio. In hac habitasse platea dictumst. Maecenas ut massa quis augue luctus tincidunt. Nulla mollis molestie lorem. Quisque ut erat.',NULL,NULL,NULL,'gtestro4@unblog.fr','www.photobooth.com/url1'),(98,'Tofu','Cho','Henggang','Missouri','Turkmenistan','2015-02-05',0,0,'In hac habitasse platea dictumst. Morbi vestibulum, velit id pretium iaculis, diam erat fermentum justo, nec condimentum neque sapien placerat ante. Nulla justo.',NULL,NULL,NULL,'gtestro4@unblog.fr','www.photobooth.com/url1'),(99,'Lily','Smith','Yuanping','Alabama','South Korea','2011-10-07',0,0,'Morbi non lectus. Aliquam sit amet diam in magna bibendum imperdiet. Nullam orci pede, venenatis non, sodales sed, tincidunt eu, felis.',NULL,NULL,NULL,'aglentz9@yolasite.com','www.photobooth.com/url1'),(100,'Bentley','Cho','Växjö','Missouri','Peru','2013-08-21',0,0,'Quisque id justo sit amet sapien dignissim vestibulum. Vestibulum ante ipsum primis in faucibus orci luctus et ultrices posuere cubilia Curae; Nulla dapibus dolor vel est. Donec odio justo, sollicitudin ut, suscipit a, feugiat et, eros.',NULL,NULL,NULL,'jgallichiccio6@howstuffworks.com','www.photobooth.com/url1');
/*!40000 ALTER TABLE `hosts` ENABLE KEYS */;
UNLOCK TABLES;

--
-- Table structure for table `listings`
--

DROP TABLE IF EXISTS `listings`;
/*!40101 SET @saved_cs_client     = @@character_set_client */;
 SET character_set_client = utf8mb4 ;
CREATE TABLE `listings` (
  `id` int(11) NOT NULL AUTO_INCREMENT,
  `features` varchar(500) DEFAULT NULL,
  `things_to_do` varchar(500) DEFAULT NULL,
  `lat_location` float DEFAULT NULL,
  `lon_location` float DEFAULT NULL,
  `host_guidebook` varchar(255) DEFAULT NULL,
  PRIMARY KEY (`id`)
) ENGINE=InnoDB AUTO_INCREMENT=101 DEFAULT CHARSET=utf8;
/*!40101 SET character_set_client = @saved_cs_client */;

--
-- Dumping data for table `listings`
--

LOCK TABLES `listings` WRITE;
/*!40000 ALTER TABLE `listings` DISABLE KEYS */;
INSERT INTO `listings` VALUES (1,'castro','Stores, coffee shops, restaurants, and pubs are great here.',50.7481,20.254,'https://www.airbnb.com/things-to-do/rooms/1345358'),(2,'snowboarding','Stores, coffee shops, restaurants, and pubs are great here.',32.9932,110.426,'https://www.airbnb.com/things-to-do/rooms/2736358'),(3,'snowboarding','Stores, coffee shops, restaurants, and pubs are great here.',50.7481,20.254,'https://www.airbnb.com/things-to-do/rooms/1345663'),(4,'market','Stores, coffee shops, restaurants, and pubs are great here.',32.9932,110.426,'https://www.airbnb.com/things-to-do/rooms/1345663'),(5,'castro','Windy Ocean beach',50.7481,20.254,'https://www.airbnb.com/things-to-do/rooms/1345663'),(6,'shopping mall','chinatown is a must go',-17.8336,48.4088,'https://www.airbnb.com/things-to-do/rooms/2736358'),(7,'historic','welcome to foggy city',-17.8336,48.4088,'https://www.airbnb.com/things-to-do/rooms/1345663'),(8,'snowboarding','Stores, coffee shops, restaurants, and pubs are great here.',32.9932,110.426,'https://www.airbnb.com/things-to-do/rooms/1345663'),(9,'shopping mall','Stores, coffee shops, restaurants, and pubs are great here.',50.7481,20.254,'https://www.airbnb.com/things-to-do/rooms/1345663'),(10,'market','Windy Ocean beach',32.9932,110.426,'https://www.airbnb.com/things-to-do/rooms/1345358'),(11,'historic','welcome to foggy city',32.9932,110.426,'https://www.airbnb.com/things-to-do/rooms/1345663'),(12,'castro','Windy Ocean beach',-17.8336,48.4088,'https://www.airbnb.com/things-to-do/rooms/2736358'),(13,'shopping mall','welcome to foggy city',32.9932,110.426,'https://www.airbnb.com/things-to-do/rooms/2736358'),(14,'shopping mall','Windy Ocean beach',-17.8336,48.4088,'https://www.airbnb.com/things-to-do/rooms/1345663'),(15,'dog park','Stores, coffee shops, restaurants, and pubs are great here.',-17.8336,48.4088,'https://www.airbnb.com/things-to-do/rooms/2736358'),(16,'snowboarding','Stores, coffee shops, restaurants, and pubs are great here.',50.7481,20.254,'https://www.airbnb.com/things-to-do/rooms/1345358'),(17,'historic','chinatown is a must go',-17.8336,48.4088,'https://www.airbnb.com/things-to-do/rooms/2736358'),(18,'historic','Stores, coffee shops, restaurants, and pubs are great here.',32.9932,110.426,'https://www.airbnb.com/things-to-do/rooms/1345358'),(19,'shopping mall','chinatown is a must go',-17.8336,48.4088,'https://www.airbnb.com/things-to-do/rooms/1345663'),(20,'castro','chinatown is a must go',-17.8336,48.4088,'https://www.airbnb.com/things-to-do/rooms/1345358'),(21,'shopping mall','Windy Ocean beach',32.9932,110.426,'https://www.airbnb.com/things-to-do/rooms/2736358'),(22,'snowboarding','Windy Ocean beach',32.9932,110.426,'https://www.airbnb.com/things-to-do/rooms/1345358'),(23,'hiking','welcome to foggy city',32.9932,110.426,'https://www.airbnb.com/things-to-do/rooms/1345663'),(24,'snowboarding','welcome to foggy city',-17.8336,48.4088,'https://www.airbnb.com/things-to-do/rooms/1345358'),(25,'market','chinatown is a must go',50.7481,20.254,'https://www.airbnb.com/things-to-do/rooms/1345663'),(26,'market','Stores, coffee shops, restaurants, and pubs are great here.',32.9932,110.426,'https://www.airbnb.com/things-to-do/rooms/2736358'),(27,'castro','chinatown is a must go',50.7481,20.254,'https://www.airbnb.com/things-to-do/rooms/1345358'),(28,'snowboarding','Windy Ocean beach',32.9932,110.426,'https://www.airbnb.com/things-to-do/rooms/1345663'),(29,'dog park','welcome to foggy city',-17.8336,48.4088,'https://www.airbnb.com/things-to-do/rooms/1345358'),(30,'dog park','Windy Ocean beach',32.9932,110.426,'https://www.airbnb.com/things-to-do/rooms/1345358'),(31,'shopping mall','Windy Ocean beach',32.9932,110.426,'https://www.airbnb.com/things-to-do/rooms/1345358'),(32,'dog park','chinatown is a must go',32.9932,110.426,'https://www.airbnb.com/things-to-do/rooms/2736358'),(33,'castro','welcome to foggy city',32.9932,110.426,'https://www.airbnb.com/things-to-do/rooms/1345358'),(34,'shopping mall','Windy Ocean beach',32.9932,110.426,'https://www.airbnb.com/things-to-do/rooms/1345663'),(35,'hiking','welcome to foggy city',50.7481,20.254,'https://www.airbnb.com/things-to-do/rooms/2736358'),(36,'market','Stores, coffee shops, restaurants, and pubs are great here.',-17.8336,48.4088,'https://www.airbnb.com/things-to-do/rooms/1345663'),(37,'historic','chinatown is a must go',50.7481,20.254,'https://www.airbnb.com/things-to-do/rooms/1345663'),(38,'market','Windy Ocean beach',32.9932,110.426,'https://www.airbnb.com/things-to-do/rooms/2736358'),(39,'castro','chinatown is a must go',-17.8336,48.4088,'https://www.airbnb.com/things-to-do/rooms/1345663'),(40,'castro','chinatown is a must go',-17.8336,48.4088,'https://www.airbnb.com/things-to-do/rooms/1345358'),(41,'snowboarding','Windy Ocean beach',-17.8336,48.4088,'https://www.airbnb.com/things-to-do/rooms/2736358'),(42,'market','chinatown is a must go',50.7481,20.254,'https://www.airbnb.com/things-to-do/rooms/1345663'),(43,'market','welcome to foggy city',32.9932,110.426,'https://www.airbnb.com/things-to-do/rooms/2736358'),(44,'dog park','chinatown is a must go',-17.8336,48.4088,'https://www.airbnb.com/things-to-do/rooms/2736358'),(45,'historic','Windy Ocean beach',-17.8336,48.4088,'https://www.airbnb.com/things-to-do/rooms/1345663'),(46,'historic','Stores, coffee shops, restaurants, and pubs are great here.',-17.8336,48.4088,'https://www.airbnb.com/things-to-do/rooms/1345663'),(47,'historic','Windy Ocean beach',32.9932,110.426,'https://www.airbnb.com/things-to-do/rooms/1345663'),(48,'market','Windy Ocean beach',32.9932,110.426,'https://www.airbnb.com/things-to-do/rooms/2736358'),(49,'dog park','Stores, coffee shops, restaurants, and pubs are great here.',-17.8336,48.4088,'https://www.airbnb.com/things-to-do/rooms/1345663'),(50,'market','welcome to foggy city',32.9932,110.426,'https://www.airbnb.com/things-to-do/rooms/2736358'),(51,'market','chinatown is a must go',50.7481,20.254,'https://www.airbnb.com/things-to-do/rooms/1345358'),(52,'market','Windy Ocean beach',32.9932,110.426,'https://www.airbnb.com/things-to-do/rooms/1345358'),(53,'snowboarding','Stores, coffee shops, restaurants, and pubs are great here.',50.7481,20.254,'https://www.airbnb.com/things-to-do/rooms/2736358'),(54,'snowboarding','welcome to foggy city',-17.8336,48.4088,'https://www.airbnb.com/things-to-do/rooms/1345358'),(55,'snowboarding','chinatown is a must go',32.9932,110.426,'https://www.airbnb.com/things-to-do/rooms/2736358'),(56,'historic','Windy Ocean beach',32.9932,110.426,'https://www.airbnb.com/things-to-do/rooms/2736358'),(57,'shopping mall','Windy Ocean beach',-17.8336,48.4088,'https://www.airbnb.com/things-to-do/rooms/1345358'),(58,'market','Windy Ocean beach',-17.8336,48.4088,'https://www.airbnb.com/things-to-do/rooms/1345358'),(59,'dog park','Windy Ocean beach',32.9932,110.426,'https://www.airbnb.com/things-to-do/rooms/1345663'),(60,'market','chinatown is a must go',50.7481,20.254,'https://www.airbnb.com/things-to-do/rooms/1345663'),(61,'market','chinatown is a must go',50.7481,20.254,'https://www.airbnb.com/things-to-do/rooms/1345663'),(62,'shopping mall','welcome to foggy city',-17.8336,48.4088,'https://www.airbnb.com/things-to-do/rooms/2736358'),(63,'shopping mall','welcome to foggy city',50.7481,20.254,'https://www.airbnb.com/things-to-do/rooms/1345663'),(64,'historic','welcome to foggy city',50.7481,20.254,'https://www.airbnb.com/things-to-do/rooms/1345358'),(65,'historic','chinatown is a must go',50.7481,20.254,'https://www.airbnb.com/things-to-do/rooms/1345358'),(66,'snowboarding','Stores, coffee shops, restaurants, and pubs are great here.',32.9932,110.426,'https://www.airbnb.com/things-to-do/rooms/1345663'),(67,'snowboarding','chinatown is a must go',50.7481,20.254,'https://www.airbnb.com/things-to-do/rooms/2736358'),(68,'castro','chinatown is a must go',32.9932,110.426,'https://www.airbnb.com/things-to-do/rooms/2736358'),(69,'historic','Stores, coffee shops, restaurants, and pubs are great here.',-17.8336,48.4088,'https://www.airbnb.com/things-to-do/rooms/1345358'),(70,'shopping mall','Stores, coffee shops, restaurants, and pubs are great here.',-17.8336,48.4088,'https://www.airbnb.com/things-to-do/rooms/1345358'),(71,'hiking','welcome to foggy city',32.9932,110.426,'https://www.airbnb.com/things-to-do/rooms/1345663'),(72,'castro','Stores, coffee shops, restaurants, and pubs are great here.',-17.8336,48.4088,'https://www.airbnb.com/things-to-do/rooms/1345358'),(73,'dog park','welcome to foggy city',50.7481,20.254,'https://www.airbnb.com/things-to-do/rooms/1345663'),(74,'dog park','Windy Ocean beach',32.9932,110.426,'https://www.airbnb.com/things-to-do/rooms/1345358'),(75,'market','Stores, coffee shops, restaurants, and pubs are great here.',-17.8336,48.4088,'https://www.airbnb.com/things-to-do/rooms/1345663'),(76,'snowboarding','Windy Ocean beach',-17.8336,48.4088,'https://www.airbnb.com/things-to-do/rooms/1345358'),(77,'historic','Windy Ocean beach',32.9932,110.426,'https://www.airbnb.com/things-to-do/rooms/1345663'),(78,'dog park','welcome to foggy city',32.9932,110.426,'https://www.airbnb.com/things-to-do/rooms/1345358'),(79,'castro','Windy Ocean beach',32.9932,110.426,'https://www.airbnb.com/things-to-do/rooms/2736358'),(80,'market','chinatown is a must go',32.9932,110.426,'https://www.airbnb.com/things-to-do/rooms/2736358'),(81,'shopping mall','chinatown is a must go',50.7481,20.254,'https://www.airbnb.com/things-to-do/rooms/2736358'),(82,'dog park','chinatown is a must go',-17.8336,48.4088,'https://www.airbnb.com/things-to-do/rooms/1345358'),(83,'dog park','Stores, coffee shops, restaurants, and pubs are great here.',50.7481,20.254,'https://www.airbnb.com/things-to-do/rooms/2736358'),(84,'dog park','Stores, coffee shops, restaurants, and pubs are great here.',32.9932,110.426,'https://www.airbnb.com/things-to-do/rooms/1345663'),(85,'hiking','welcome to foggy city',-17.8336,48.4088,'https://www.airbnb.com/things-to-do/rooms/1345358'),(86,'historic','Windy Ocean beach',-17.8336,48.4088,'https://www.airbnb.com/things-to-do/rooms/1345663'),(87,'shopping mall','Windy Ocean beach',32.9932,110.426,'https://www.airbnb.com/things-to-do/rooms/1345663'),(88,'historic','Stores, coffee shops, restaurants, and pubs are great here.',-17.8336,48.4088,'https://www.airbnb.com/things-to-do/rooms/1345358'),(89,'historic','Windy Ocean beach',-17.8336,48.4088,'https://www.airbnb.com/things-to-do/rooms/1345358'),(90,'snowboarding','welcome to foggy city',-17.8336,48.4088,'https://www.airbnb.com/things-to-do/rooms/1345663'),(91,'snowboarding','chinatown is a must go',32.9932,110.426,'https://www.airbnb.com/things-to-do/rooms/1345663'),(92,'market','welcome to foggy city',50.7481,20.254,'https://www.airbnb.com/things-to-do/rooms/1345663'),(93,'market','chinatown is a must go',-17.8336,48.4088,'https://www.airbnb.com/things-to-do/rooms/2736358'),(94,'castro','Windy Ocean beach',32.9932,110.426,'https://www.airbnb.com/things-to-do/rooms/1345358'),(95,'historic','chinatown is a must go',50.7481,20.254,'https://www.airbnb.com/things-to-do/rooms/1345663'),(96,'castro','welcome to foggy city',50.7481,20.254,'https://www.airbnb.com/things-to-do/rooms/2736358'),(97,'historic','Stores, coffee shops, restaurants, and pubs are great here.',-17.8336,48.4088,'https://www.airbnb.com/things-to-do/rooms/1345358'),(98,'dog park','Windy Ocean beach',-17.8336,48.4088,'https://www.airbnb.com/things-to-do/rooms/1345358'),(99,'shopping mall','chinatown is a must go',-17.8336,48.4088,'https://www.airbnb.com/things-to-do/rooms/1345663'),(100,'shopping mall','chinatown is a must go',-17.8336,48.4088,'https://www.airbnb.com/things-to-do/rooms/1345358');
/*!40000 ALTER TABLE `listings` ENABLE KEYS */;
UNLOCK TABLES;

--
-- Table structure for table `reviews`
--

DROP TABLE IF EXISTS `reviews`;
/*!40101 SET @saved_cs_client     = @@character_set_client */;
 SET character_set_client = utf8mb4 ;
CREATE TABLE `reviews` (
  `id` int(11) NOT NULL AUTO_INCREMENT,
  `user_id` int(11) NOT NULL,
  `list_id` int(11) NOT NULL,
  `rating` int(11) NOT NULL,
  PRIMARY KEY (`id`),
  KEY `user_id` (`user_id`),
  KEY `list_id` (`list_id`),
  CONSTRAINT `reviews_ibfk_1` FOREIGN KEY (`user_id`) REFERENCES `hosts` (`id`),
  CONSTRAINT `reviews_ibfk_2` FOREIGN KEY (`list_id`) REFERENCES `listings` (`id`)
) ENGINE=InnoDB AUTO_INCREMENT=101 DEFAULT CHARSET=utf8;
/*!40101 SET character_set_client = @saved_cs_client */;

--
-- Dumping data for table `reviews`
--

LOCK TABLES `reviews` WRITE;
/*!40000 ALTER TABLE `reviews` DISABLE KEYS */;
INSERT INTO `reviews` VALUES (1,66,96,1),(2,12,17,0),(3,34,4,1),(4,57,83,4),(5,36,11,4),(6,3,97,1),(7,26,95,4),(8,32,28,1),(9,34,72,1),(10,5,7,3),(11,55,38,4),(12,14,40,2),(13,74,56,1),(14,44,36,2),(15,69,61,0),(16,14,10,1),(17,60,32,1),(18,62,39,0),(19,63,25,0),(20,25,86,1),(21,95,87,0),(22,12,67,1),(23,54,61,4),(24,52,99,3),(25,59,16,0),(26,35,9,0),(27,33,84,1),(28,37,42,4),(29,20,92,3),(30,29,2,1),(31,1,6,1),(32,26,38,4),(33,6,22,0),(34,20,1,2),(35,84,24,2),(36,63,13,2),(37,21,95,0),(38,11,57,3),(39,84,70,1),(40,52,11,1),(41,30,25,4),(42,5,22,2),(43,44,88,0),(44,56,70,4),(45,15,79,4),(46,57,56,0),(47,74,28,1),(48,54,76,0),(49,85,28,0),(50,81,78,1),(51,48,27,1),(52,18,89,3),(53,1,95,2),(54,90,89,2),(55,23,1,3),(56,63,16,1),(57,87,65,1),(58,41,15,2),(59,24,75,2),(60,48,55,0),(61,8,70,0),(62,39,65,2),(63,82,63,0),(64,23,4,4),(65,80,81,4),(66,70,45,3),(67,68,76,3),(68,3,70,3),(69,59,23,3),(70,55,53,3),(71,93,92,0),(72,48,26,3),(73,5,80,3),(74,77,93,2),(75,65,79,1),(76,80,4,1),(77,60,71,2),(78,89,52,1),(79,46,41,0),(80,10,15,0),(81,64,93,3),(82,87,46,0),(83,29,49,4),(84,50,73,1),(85,76,20,1),(86,78,11,4),(87,9,24,1),(88,11,25,3),(89,92,1,3),(90,35,85,1),(91,94,63,0),(92,31,21,0),(93,24,76,2),(94,3,79,3),(95,16,67,1),(96,3,4,2),(97,83,59,4),(98,45,10,1),(99,51,90,2),(100,51,34,2);
/*!40000 ALTER TABLE `reviews` ENABLE KEYS */;
UNLOCK TABLES;
/*!40103 SET TIME_ZONE=@OLD_TIME_ZONE */;

/*!40101 SET SQL_MODE=@OLD_SQL_MODE */;
/*!40014 SET FOREIGN_KEY_CHECKS=@OLD_FOREIGN_KEY_CHECKS */;
/*!40014 SET UNIQUE_CHECKS=@OLD_UNIQUE_CHECKS */;
/*!40101 SET CHARACTER_SET_CLIENT=@OLD_CHARACTER_SET_CLIENT */;
/*!40101 SET CHARACTER_SET_RESULTS=@OLD_CHARACTER_SET_RESULTS */;
/*!40101 SET COLLATION_CONNECTION=@OLD_COLLATION_CONNECTION */;
/*!40111 SET SQL_NOTES=@OLD_SQL_NOTES */;

-- Dump completed on 2018-08-03 16:38:24
